Experiment_no,Maintenance (%),No of robs in main,list of main_robs,Duration of Main,q,Period_duration,Working_Period,Total_periods,No_of_robots,No_of_chargers,No_of_sensors,No_of_non_nav_tasks,No_of_nav_task,Charging_time,Ebat,Edod,Emax,Robot_Speed,Dist_change_max,Gamma_Matrix,E_Balance_Zero,Priority,TCM,TCM_obj1,TCM_obj2,TCM_obj2_weighted,TCM_total_cost,total_cost_LP,TCM_Total_tasks,TCM_task_downtime,TCM_TA%,TCM_run_time_with_LP,TCM_run_time_without_LP,TCM_EEF,TCM_SoC_v,run_time_LP,,TCM_rand_main_obj1,TCM_rand_main_obj2,TCM_rand_main_obj2_weighted,TCM_rand_main_total_cost,TCM_rand_main_Total_tasks,TCM_rand_main_task_downtime,TCM_rand_main_TA%,TCM_rand_main_run_time,TCM_rand_main_EEF,TCM_rand_main_SoC_v,,Rand_Alloc_rand_main_obj1,Rand_Alloc_rand_main_obj2,Rand_Alloc_rand_main_obj2_weighted,Rand_Alloc_rand_main_total_cost,Rand_Alloc_rand_main_Total_tasks,Rand_Alloc_rand_main_task_downtime,Rand_Alloc_rand_main_TA%,Rand_Alloc_rand_main_run_time,Rand_Alloc_rand_main_EEF,Rand_Alloc_rand_main_SoC_v
0,0.3,6,"[0, 6, 5, 7, 4, 3]",6,1,0.166666667,10,60,8,8,2,5,6,0.75,111,33,89,3600,500,"{(0, 0): 1, (0, 1): 1, (0, 2): 1, (0, 3): 1, (0, 4): 1, (1, 0): 1, (1, 1): 1, (1, 2): 1, (1, 3): 1, (1, 4): 1, (2, 0): 1, (2, 1): 1, (2, 2): 1, (2, 3): 1, (2, 4): 1, (3, 0): 1, (3, 1): 1, (3, 2): 1, (3, 3): 1, (3, 4): 1, (4, 0): 1, (4, 1): 1, (4, 2): 1, (4, 3): 1, (4, 4): 1, (5, 0): 1, (5, 1): 1, (5, 2): 1, (5, 3): 1, (5, 4): 1}","{0: 90, 1: 72, 2: 68, 3: 92, 4: 52, 5: 101, 6: 61, 7: 99}","{0: 1, 1: 1, 2: 1, 3: 1, 4: 1}",0,120,4.032541495,922.4438671,1042.443867,-8.14E-11,1830,120,0.93442623,24.92574596,1.922672987,1.156729135,514.539051,0,,92,6.786836012,1552.488738,1644.488738,1830,92,0.949726776,2.040479422,1.164406321,1317.899957,,254,12.64063482,2891.545215,3145.545215,1830,254,0.861202186,1.301569939,1.641447437,3035.582656
1,0.3,6,"[0, 1, 7, 4, 6, 5]",6,1,0.166666667,10,60,8,8,2,5,6,0.75,111,33,89,3600,500,"{(0, 0): 1, (0, 1): 1, (0, 2): 1, (0, 3): 1, (0, 4): 1, (1, 0): 1, (1, 1): 1, (1, 2): 1, (1, 3): 1, (1, 4): 1, (2, 0): 1, (2, 1): 1, (2, 2): 1, (2, 3): 1, (2, 4): 1, (3, 0): 1, (3, 1): 1, (3, 2): 1, (3, 3): 1, (3, 4): 1, (4, 0): 1, (4, 1): 1, (4, 2): 1, (4, 3): 1, (4, 4): 1, (5, 0): 1, (5, 1): 1, (5, 2): 1, (5, 3): 1, (5, 4): 1}","{0: 61, 1: 46, 2: 58, 3: 86, 4: 102, 5: 74, 6: 69, 7: 105}","{0: 1, 1: 1, 2: 1, 3: 1, 4: 1}",0,80,4.592905005,1050.62702,1130.62702,-1.35E-11,1830,80,0.956284153,25.13990712,1.969470501,1.155610675,678.2537284,0,,61,6.429146978,1470.667371,1531.667371,1830,61,0.966666667,2.083038092,1.152534359,1424.566051,,254,12.43817191,2845.231825,3099.231825,1830,254,0.861202186,1.285905838,1.721253384,3261.211634
2,0.3,6,"[1, 0, 5, 3, 6, 4]",6,1,0.166666667,10,60,8,8,2,5,6,0.75,111,33,89,3600,500,"{(0, 0): 1, (0, 1): 1, (0, 2): 1, (0, 3): 1, (0, 4): 1, (1, 0): 1, (1, 1): 1, (1, 2): 1, (1, 3): 1, (1, 4): 1, (2, 0): 1, (2, 1): 1, (2, 2): 1, (2, 3): 1, (2, 4): 1, (3, 0): 1, (3, 1): 1, (3, 2): 1, (3, 3): 1, (3, 4): 1, (4, 0): 1, (4, 1): 1, (4, 2): 1, (4, 3): 1, (4, 4): 1, (5, 0): 1, (5, 1): 1, (5, 2): 1, (5, 3): 1, (5, 4): 1}","{0: 56, 1: 86, 2: 45, 3: 89, 4: 59, 5: 102, 6: 76, 7: 78}","{0: 1, 1: 1, 2: 1, 3: 1, 4: 1}",0,120,4.415702265,1010.091893,1130.091893,2.84E-11,1830,120,0.93442623,28.83390832,1.890806913,1.174645266,488.8932418,0,,97,7.906216159,1808.546946,1905.546946,1830,97,0.946994536,2.036461592,1.168933104,1460.150028,,276,12.21021153,2793.085887,3069.085887,1830,276,0.849180328,1.293517351,1.699556093,3378.89403
3,0.3,6,"[4, 2, 1, 7, 0, 5]",6,1,0.166666667,10,60,8,8,2,5,6,0.75,111,33,89,3600,500,"{(0, 0): 1, (0, 1): 1, (0, 2): 1, (0, 3): 1, (0, 4): 1, (1, 0): 1, (1, 1): 1, (1, 2): 1, (1, 3): 1, (1, 4): 1, (2, 0): 1, (2, 1): 1, (2, 2): 1, (2, 3): 1, (2, 4): 1, (3, 0): 1, (3, 1): 1, (3, 2): 1, (3, 3): 1, (3, 4): 1, (4, 0): 1, (4, 1): 1, (4, 2): 1, (4, 3): 1, (4, 4): 1, (5, 0): 1, (5, 1): 1, (5, 2): 1, (5, 3): 1, (5, 4): 1}","{0: 105, 1: 75, 2: 105, 3: 41, 4: 50, 5: 80, 6: 103, 7: 82}","{0: 1, 1: 1, 2: 1, 3: 1, 4: 1}",0,75,4.448104028,1017.503797,1092.503797,-6.16E-11,1830,75,0.959016393,25.36237311,1.879989624,1.170490995,541.4484911,0,,41,5.529739212,1264.927845,1305.927845,1830,41,0.977595628,2.074154377,1.164918774,1004.341346,,278,13.29754357,3041.813091,3319.813091,1830,278,0.848087432,1.325126886,1.670968896,3177.89759
4,0.3,6,"[1, 7, 2, 0, 6, 5]",6,1,0.166666667,10,60,8,8,2,5,6,0.75,111,33,89,3600,500,"{(0, 0): 1, (0, 1): 1, (0, 2): 1, (0, 3): 1, (0, 4): 1, (1, 0): 1, (1, 1): 1, (1, 2): 1, (1, 3): 1, (1, 4): 1, (2, 0): 1, (2, 1): 1, (2, 2): 1, (2, 3): 1, (2, 4): 1, (3, 0): 1, (3, 1): 1, (3, 2): 1, (3, 3): 1, (3, 4): 1, (4, 0): 1, (4, 1): 1, (4, 2): 1, (4, 3): 1, (4, 4): 1, (5, 0): 1, (5, 1): 1, (5, 2): 1, (5, 3): 1, (5, 4): 1}","{0: 81, 1: 45, 2: 110, 3: 72, 4: 60, 5: 81, 6: 109, 7: 95}","{0: 1, 1: 1, 2: 1, 3: 1, 4: 1}",0,100,4.910857064,1123.358553,1223.358553,3.91E-11,1830,100,0.945355191,50.32900572,1.840600252,1.172088109,982.4380947,0,,107,6.540314017,1496.096831,1603.096831,1830,107,0.941530055,2.076427937,1.189059966,1191.124692,,253,11.86999919,2715.262315,2968.262315,1830,253,0.861748634,1.278722525,1.724178583,3194.366449
5,0.3,6,"[0, 1, 7, 2, 4, 3]",6,1,0.166666667,10,60,8,8,2,5,6,0.75,111,33,89,3600,500,"{(0, 0): 1, (0, 1): 1, (0, 2): 1, (0, 3): 1, (0, 4): 1, (1, 0): 1, (1, 1): 1, (1, 2): 1, (1, 3): 1, (1, 4): 1, (2, 0): 1, (2, 1): 1, (2, 2): 1, (2, 3): 1, (2, 4): 1, (3, 0): 1, (3, 1): 1, (3, 2): 1, (3, 3): 1, (3, 4): 1, (4, 0): 1, (4, 1): 1, (4, 2): 1, (4, 3): 1, (4, 4): 1, (5, 0): 1, (5, 1): 1, (5, 2): 1, (5, 3): 1, (5, 4): 1}","{0: 49, 1: 97, 2: 43, 3: 110, 4: 99, 5: 91, 6: 64, 7: 104}","{0: 1, 1: 1, 2: 1, 3: 1, 4: 1}",0,95,4.399418098,1006.36689,1101.36689,-1.32E-10,1830,95,0.948087432,24.93751431,1.775112629,1.172531532,817.899045,0,,77,7.166004153,1639.22345,1716.22345,1830,77,0.957923497,2.050619602,1.163210424,1585.854916,,237,12.55386359,2871.696297,3108.696297,1830,237,0.870491803,1.31089282,1.679019086,3009.632178
6,0.3,6,"[2, 3, 5, 1, 0, 4]",6,1,0.166666667,10,60,8,8,2,5,6,0.75,111,33,89,3600,500,"{(0, 0): 1, (0, 1): 1, (0, 2): 1, (0, 3): 1, (0, 4): 1, (1, 0): 1, (1, 1): 1, (1, 2): 1, (1, 3): 1, (1, 4): 1, (2, 0): 1, (2, 1): 1, (2, 2): 1, (2, 3): 1, (2, 4): 1, (3, 0): 1, (3, 1): 1, (3, 2): 1, (3, 3): 1, (3, 4): 1, (4, 0): 1, (4, 1): 1, (4, 2): 1, (4, 3): 1, (4, 4): 1, (5, 0): 1, (5, 1): 1, (5, 2): 1, (5, 3): 1, (5, 4): 1}","{0: 102, 1: 94, 2: 55, 3: 88, 4: 109, 5: 49, 6: 60, 7: 42}","{0: 1, 1: 1, 2: 1, 3: 1, 4: 1}",0,101,4.906434884,1122.34698,1223.34698,-2.60E-11,1830,101,0.944808743,25.04498839,1.775467634,1.164757952,904.9632652,0,,60,6.932217585,1585.744773,1645.744773,1830,60,0.937213115,2.061357975,1.161956098,1373.021942,,263,12.36311946,2828.063577,3091.063577,1830,263,0.856284153,1.272726059,1.756296972,2990.049438
7,0.3,6,"[4, 7, 6, 2, 1, 3]",6,1,0.166666667,10,60,8,8,2,5,6,0.75,111,33,89,3600,500,"{(0, 0): 1, (0, 1): 1, (0, 2): 1, (0, 3): 1, (0, 4): 1, (1, 0): 1, (1, 1): 1, (1, 2): 1, (1, 3): 1, (1, 4): 1, (2, 0): 1, (2, 1): 1, (2, 2): 1, (2, 3): 1, (2, 4): 1, (3, 0): 1, (3, 1): 1, (3, 2): 1, (3, 3): 1, (3, 4): 1, (4, 0): 1, (4, 1): 1, (4, 2): 1, (4, 3): 1, (4, 4): 1, (5, 0): 1, (5, 1): 1, (5, 2): 1, (5, 3): 1, (5, 4): 1}","{0: 73, 1: 69, 2: 51, 3: 71, 4: 104, 5: 79, 6: 75, 7: 83}","{0: 1, 1: 1, 2: 1, 3: 1, 4: 1}",0,120,4.590946287,1050.178963,1170.178963,-1.11E-10,1830,120,0.93442623,26.74677515,1.793199301,1.183029331,574.6925582,0,,83,5.783767526,1323.036822,1406.036822,1830,83,0.954644809,2.094805479,1.174666201,1007.672123,,228,12.89882336,2950.605843,3178.605843,1830,228,0.875409836,1.294929504,1.707138255,3196.626428
8,0.3,6,"[5, 1, 2, 6, 7, 0]",6,1,0.166666667,10,60,8,8,2,5,6,0.75,111,33,89,3600,500,"{(0, 0): 1, (0, 1): 1, (0, 2): 1, (0, 3): 1, (0, 4): 1, (1, 0): 1, (1, 1): 1, (1, 2): 1, (1, 3): 1, (1, 4): 1, (2, 0): 1, (2, 1): 1, (2, 2): 1, (2, 3): 1, (2, 4): 1, (3, 0): 1, (3, 1): 1, (3, 2): 1, (3, 3): 1, (3, 4): 1, (4, 0): 1, (4, 1): 1, (4, 2): 1, (4, 3): 1, (4, 4): 1, (5, 0): 1, (5, 1): 1, (5, 2): 1, (5, 3): 1, (5, 4): 1}","{0: 44, 1: 66, 2: 107, 3: 56, 4: 64, 5: 58, 6: 75, 7: 51}","{0: 1, 1: 1, 2: 1, 3: 1, 4: 1}",0,120,4.476496701,1023.99862,1143.99862,4.35E-12,1830,120,0.93442623,84.60063505,1.704313278,1.180384063,558.0303312,0,,99,6.589530679,1507.355143,1606.355143,1830,99,0.945901639,2.022636175,1.182857768,1141.444766,,255,13.86381825,3171.348425,3426.348425,1830,255,0.860655738,1.319718838,1.659474405,3170.493166
9,0.3,6,"[0, 3, 7, 6, 4, 1]",6,1,0.166666667,10,60,8,8,2,5,6,0.75,111,33,89,3600,500,"{(0, 0): 1, (0, 1): 1, (0, 2): 1, (0, 3): 1, (0, 4): 1, (1, 0): 1, (1, 1): 1, (1, 2): 1, (1, 3): 1, (1, 4): 1, (2, 0): 1, (2, 1): 1, (2, 2): 1, (2, 3): 1, (2, 4): 1, (3, 0): 1, (3, 1): 1, (3, 2): 1, (3, 3): 1, (3, 4): 1, (4, 0): 1, (4, 1): 1, (4, 2): 1, (4, 3): 1, (4, 4): 1, (5, 0): 1, (5, 1): 1, (5, 2): 1, (5, 3): 1, (5, 4): 1}","{0: 107, 1: 54, 2: 80, 3: 86, 4: 45, 5: 88, 6: 94, 7: 39}","{0: 1, 1: 1, 2: 1, 3: 1, 4: 1}",0,120,4.259621623,974.3884464,1094.388446,-7.62E-11,1830,120,0.93442623,24.98106146,1.707270622,1.16736533,573.6742303,0,,53,6.550382005,1498.399884,1551.399884,1830,53,0.931038251,2.042969465,1.161691697,1365.050888,,238,12.34531925,2823.991779,3061.991779,1830,238,0.869945355,1.328796625,1.735362384,3172.980805
10,0.3,6,"[3, 7, 1, 5, 2, 4]",6,1,0.166666667,10,60,8,8,2,5,6,0.75,111,33,89,3600,500,"{(0, 0): 1, (0, 1): 1, (0, 2): 1, (0, 3): 1, (0, 4): 1, (1, 0): 1, (1, 1): 1, (1, 2): 1, (1, 3): 1, (1, 4): 1, (2, 0): 1, (2, 1): 1, (2, 2): 1, (2, 3): 1, (2, 4): 1, (3, 0): 1, (3, 1): 1, (3, 2): 1, (3, 3): 1, (3, 4): 1, (4, 0): 1, (4, 1): 1, (4, 2): 1, (4, 3): 1, (4, 4): 1, (5, 0): 1, (5, 1): 1, (5, 2): 1, (5, 3): 1, (5, 4): 1}","{0: 65, 1: 104, 2: 41, 3: 57, 4: 99, 5: 69, 6: 108, 7: 46}","{0: 1, 1: 1, 2: 1, 3: 1, 4: 1}",0,95,4.85683014,1110.999895,1205.999895,-6.64E-11,1830,95,0.948087432,24.89380908,1.659693003,1.168899931,758.3097626,0,,61,8.156608544,1865.824205,1926.824205,1830,61,0.966666667,2.056584358,1.162597985,1729.675028,,218,13.00371387,2974.599548,3192.599548,1830,218,0.880874317,1.298547983,1.69440235,3013.367443
11,0.3,6,"[6, 1, 7, 0, 5, 3]",6,1,0.166666667,10,60,8,8,2,5,6,0.75,111,33,89,3600,500,"{(0, 0): 1, (0, 1): 1, (0, 2): 1, (0, 3): 1, (0, 4): 1, (1, 0): 1, (1, 1): 1, (1, 2): 1, (1, 3): 1, (1, 4): 1, (2, 0): 1, (2, 1): 1, (2, 2): 1, (2, 3): 1, (2, 4): 1, (3, 0): 1, (3, 1): 1, (3, 2): 1, (3, 3): 1, (3, 4): 1, (4, 0): 1, (4, 1): 1, (4, 2): 1, (4, 3): 1, (4, 4): 1, (5, 0): 1, (5, 1): 1, (5, 2): 1, (5, 3): 1, (5, 4): 1}","{0: 44, 1: 107, 2: 87, 3: 75, 4: 83, 5: 95, 6: 66, 7: 55}","{0: 1, 1: 1, 2: 1, 3: 1, 4: 1}",0,120,4.131291723,945.0329815,1065.032982,-2.84E-11,1830,120,0.93442623,26.90274239,1.663318872,1.178961173,549.9377495,0,,92,6.505050437,1488.030287,1580.030287,1830,92,0.949726776,2.035699129,1.173482816,1343.766947,,236,12.31494246,2817.043088,3053.043088,1830,236,0.871038251,1.319219589,1.665705542,3180.755584
12,0.3,6,"[7, 4, 2, 6, 5, 0]",6,1,0.166666667,10,60,8,8,2,5,6,0.75,111,33,89,3600,500,"{(0, 0): 1, (0, 1): 1, (0, 2): 1, (0, 3): 1, (0, 4): 1, (1, 0): 1, (1, 1): 1, (1, 2): 1, (1, 3): 1, (1, 4): 1, (2, 0): 1, (2, 1): 1, (2, 2): 1, (2, 3): 1, (2, 4): 1, (3, 0): 1, (3, 1): 1, (3, 2): 1, (3, 3): 1, (3, 4): 1, (4, 0): 1, (4, 1): 1, (4, 2): 1, (4, 3): 1, (4, 4): 1, (5, 0): 1, (5, 1): 1, (5, 2): 1, (5, 3): 1, (5, 4): 1}","{0: 99, 1: 108, 2: 51, 3: 81, 4: 74, 5: 50, 6: 69, 7: 65}","{0: 1, 1: 1, 2: 1, 3: 1, 4: 1}",0,120,4.432783267,1013.999172,1133.999172,-3.61E-11,1830,120,0.93442623,24.8660593,1.680454493,1.179988124,641.2675172,0,,99,6.723627433,1538.029775,1637.029775,1830,99,0.945901639,2.020563841,1.174764413,1496.314889,,252,11.78637199,2696.132593,2948.132593,1830,252,0.862295082,1.32177186,1.685962987,3199.799616
13,0.3,6,"[1, 2, 5, 3, 4, 0]",6,1,0.166666667,10,60,8,8,2,5,6,0.75,111,33,89,3600,500,"{(0, 0): 1, (0, 1): 1, (0, 2): 1, (0, 3): 1, (0, 4): 1, (1, 0): 1, (1, 1): 1, (1, 2): 1, (1, 3): 1, (1, 4): 1, (2, 0): 1, (2, 1): 1, (2, 2): 1, (2, 3): 1, (2, 4): 1, (3, 0): 1, (3, 1): 1, (3, 2): 1, (3, 3): 1, (3, 4): 1, (4, 0): 1, (4, 1): 1, (4, 2): 1, (4, 3): 1, (4, 4): 1, (5, 0): 1, (5, 1): 1, (5, 2): 1, (5, 3): 1, (5, 4): 1}","{0: 53, 1: 106, 2: 102, 3: 42, 4: 52, 5: 82, 6: 79, 7: 38}","{0: 1, 1: 1, 2: 1, 3: 1, 4: 1}",0,126,4.611878995,1054.96732,1180.96732,-1.44E-10,1830,126,0.931147541,24.90443087,1.664746046,1.174514867,700.1706559,0,,72,7.266682567,1662.253637,1734.253637,1830,72,0.960655738,2.052553892,1.167982822,1310.233287,,232,12.17927513,2786.009185,3018.009185,1830,232,0.873224044,1.307377338,1.658181682,3020.602825
14,0.3,6,"[1, 3, 0, 5, 7, 4]",6,1,0.166666667,10,60,8,8,2,5,6,0.75,111,33,89,3600,500,"{(0, 0): 1, (0, 1): 1, (0, 2): 1, (0, 3): 1, (0, 4): 1, (1, 0): 1, (1, 1): 1, (1, 2): 1, (1, 3): 1, (1, 4): 1, (2, 0): 1, (2, 1): 1, (2, 2): 1, (2, 3): 1, (2, 4): 1, (3, 0): 1, (3, 1): 1, (3, 2): 1, (3, 3): 1, (3, 4): 1, (4, 0): 1, (4, 1): 1, (4, 2): 1, (4, 3): 1, (4, 4): 1, (5, 0): 1, (5, 1): 1, (5, 2): 1, (5, 3): 1, (5, 4): 1}","{0: 90, 1: 47, 2: 76, 3: 64, 4: 80, 5: 58, 6: 71, 7: 65}","{0: 1, 1: 1, 2: 1, 3: 1, 4: 1}",0,120,4.270065633,976.7775136,1096.777514,-4.41E-11,1830,120,0.93442623,24.74170923,1.645616531,1.150435089,347.7223076,0,,130,7.094411206,1622.846563,1752.846563,1830,130,0.928961749,2.019151688,1.185944986,1475.548024,,273,12.22914964,2797.417981,3070.417981,1830,273,0.850819672,1.327159882,1.672745975,2892.792853
15,0.3,6,"[3, 4, 0, 2, 1, 5]",6,1,0.166666667,10,60,8,8,2,5,6,0.75,111,33,89,3600,500,"{(0, 0): 1, (0, 1): 1, (0, 2): 1, (0, 3): 1, (0, 4): 1, (1, 0): 1, (1, 1): 1, (1, 2): 1, (1, 3): 1, (1, 4): 1, (2, 0): 1, (2, 1): 1, (2, 2): 1, (2, 3): 1, (2, 4): 1, (3, 0): 1, (3, 1): 1, (3, 2): 1, (3, 3): 1, (3, 4): 1, (4, 0): 1, (4, 1): 1, (4, 2): 1, (4, 3): 1, (4, 4): 1, (5, 0): 1, (5, 1): 1, (5, 2): 1, (5, 3): 1, (5, 4): 1}","{0: 107, 1: 85, 2: 47, 3: 81, 4: 67, 5: 52, 6: 103, 7: 105}","{0: 1, 1: 1, 2: 1, 3: 1, 4: 1}",0,65,4.84895903,1109.199378,1174.199378,-5.49E-11,1830,65,0.964480874,24.91559267,1.6453619,1.169061477,625.2225987,0,,71,6.304144035,1442.072948,1513.072948,1830,71,0.931202186,2.032671928,1.169824653,1202.210317,,209,12.94126322,2960.313961,3169.313961,1830,209,0.88579235,1.330554247,1.662842134,3020.936403
16,0.3,6,"[7, 4, 5, 0, 6, 1]",6,1,0.166666667,10,60,8,8,2,5,6,0.75,111,33,89,3600,500,"{(0, 0): 1, (0, 1): 1, (0, 2): 1, (0, 3): 1, (0, 4): 1, (1, 0): 1, (1, 1): 1, (1, 2): 1, (1, 3): 1, (1, 4): 1, (2, 0): 1, (2, 1): 1, (2, 2): 1, (2, 3): 1, (2, 4): 1, (3, 0): 1, (3, 1): 1, (3, 2): 1, (3, 3): 1, (3, 4): 1, (4, 0): 1, (4, 1): 1, (4, 2): 1, (4, 3): 1, (4, 4): 1, (5, 0): 1, (5, 1): 1, (5, 2): 1, (5, 3): 1, (5, 4): 1}","{0: 49, 1: 100, 2: 62, 3: 91, 4: 56, 5: 46, 6: 75, 7: 88}","{0: 1, 1: 1, 2: 1, 3: 1, 4: 1}",0,125,4.47475725,1023.600721,1148.600721,2.32E-11,1830,125,0.931693989,26.51324892,1.649632931,1.179860473,567.7705181,0,,76,7.111701106,1626.801628,1702.801628,1830,76,0.938469945,2.084177017,1.169977955,1085.232824,,283,11.52971282,2637.421807,2920.421807,1830,283,0.845355191,1.283602238,1.708120298,3109.844148
17,0.3,6,"[7, 3, 0, 6, 2, 5]",6,1,0.166666667,10,60,8,8,2,5,6,0.75,111,33,89,3600,500,"{(0, 0): 1, (0, 1): 1, (0, 2): 1, (0, 3): 1, (0, 4): 1, (1, 0): 1, (1, 1): 1, (1, 2): 1, (1, 3): 1, (1, 4): 1, (2, 0): 1, (2, 1): 1, (2, 2): 1, (2, 3): 1, (2, 4): 1, (3, 0): 1, (3, 1): 1, (3, 2): 1, (3, 3): 1, (3, 4): 1, (4, 0): 1, (4, 1): 1, (4, 2): 1, (4, 3): 1, (4, 4): 1, (5, 0): 1, (5, 1): 1, (5, 2): 1, (5, 3): 1, (5, 4): 1}","{0: 82, 1: 39, 2: 99, 3: 64, 4: 105, 5: 42, 6: 79, 7: 103}","{0: 1, 1: 1, 2: 1, 3: 1, 4: 1}",0,125,4.584135435,1048.620981,1173.620981,-6.42E-11,1830,125,0.931693989,24.6619432,1.637718439,1.185059138,546.6872713,0,,58,6.844339549,1565.642672,1623.642672,1830,58,0.968306011,1.985511065,1.178765,1689.620984,,229,12.45557393,2849.212537,3078.212537,1830,229,0.874863388,1.304345608,1.698397162,2956.354067
18,0.3,6,"[1, 3, 4, 7, 6, 5]",6,1,0.166666667,10,60,8,8,2,5,6,0.75,111,33,89,3600,500,"{(0, 0): 1, (0, 1): 1, (0, 2): 1, (0, 3): 1, (0, 4): 1, (1, 0): 1, (1, 1): 1, (1, 2): 1, (1, 3): 1, (1, 4): 1, (2, 0): 1, (2, 1): 1, (2, 2): 1, (2, 3): 1, (2, 4): 1, (3, 0): 1, (3, 1): 1, (3, 2): 1, (3, 3): 1, (3, 4): 1, (4, 0): 1, (4, 1): 1, (4, 2): 1, (4, 3): 1, (4, 4): 1, (5, 0): 1, (5, 1): 1, (5, 2): 1, (5, 3): 1, (5, 4): 1}","{0: 101, 1: 43, 2: 40, 3: 103, 4: 86, 5: 77, 6: 46, 7: 68}","{0: 1, 1: 1, 2: 1, 3: 1, 4: 1}",0,95,4.547040141,1040.135432,1135.135432,-5.96E-11,1830,95,0.948087432,24.72092628,1.636795044,1.176561943,580.7129668,0,,71,8.277270078,1893.42553,1964.42553,1830,71,0.961202186,2.007091284,1.171974332,1521.804794,,232,12.36072161,2827.515067,3059.515067,1830,232,0.873224044,1.31007123,1.649577818,3139.119777
19,0.3,6,"[2, 0, 7, 1, 5, 6]",6,1,0.166666667,10,60,8,8,2,5,6,0.75,111,33,89,3600,500,"{(0, 0): 1, (0, 1): 1, (0, 2): 1, (0, 3): 1, (0, 4): 1, (1, 0): 1, (1, 1): 1, (1, 2): 1, (1, 3): 1, (1, 4): 1, (2, 0): 1, (2, 1): 1, (2, 2): 1, (2, 3): 1, (2, 4): 1, (3, 0): 1, (3, 1): 1, (3, 2): 1, (3, 3): 1, (3, 4): 1, (4, 0): 1, (4, 1): 1, (4, 2): 1, (4, 3): 1, (4, 4): 1, (5, 0): 1, (5, 1): 1, (5, 2): 1, (5, 3): 1, (5, 4): 1}","{0: 87, 1: 92, 2: 90, 3: 77, 4: 60, 5: 76, 6: 63, 7: 88}","{0: 1, 1: 1, 2: 1, 3: 1, 4: 1}",0,120,4.253969747,973.0955797,1093.09558,-8.57E-11,1830,120,0.93442623,24.67445469,1.603617191,1.166135812,464.6551409,0,,46,6.025306259,1378.288807,1424.288807,1830,46,0.934863388,2.021360397,1.165110116,1106.214818,,212,12.96192128,2965.039493,3177.039493,1830,212,0.884153005,1.30248189,1.655488125,3304.534221
20,0.3,6,"[6, 2, 7, 3, 0, 1]",6,1,0.166666667,10,60,8,8,2,5,6,0.75,111,33,89,3600,500,"{(0, 0): 1, (0, 1): 1, (0, 2): 1, (0, 3): 1, (0, 4): 1, (1, 0): 1, (1, 1): 1, (1, 2): 1, (1, 3): 1, (1, 4): 1, (2, 0): 1, (2, 1): 1, (2, 2): 1, (2, 3): 1, (2, 4): 1, (3, 0): 1, (3, 1): 1, (3, 2): 1, (3, 3): 1, (3, 4): 1, (4, 0): 1, (4, 1): 1, (4, 2): 1, (4, 3): 1, (4, 4): 1, (5, 0): 1, (5, 1): 1, (5, 2): 1, (5, 3): 1, (5, 4): 1}","{0: 83, 1: 61, 2: 38, 3: 47, 4: 90, 5: 81, 6: 49, 7: 106}","{0: 1, 1: 1, 2: 1, 3: 1, 4: 1}",0,120,4.030773247,922.0393804,1042.03938,-1.18E-10,1830,120,0.93442623,25.10260296,1.603667974,1.17083324,529.691475,0,,97,6.969875525,1594.359026,1691.359026,1830,97,0.946994536,1.990193129,1.174680751,1215.679723,,261,12.61254367,2885.119364,3146.119364,1830,261,0.857377049,1.300510645,1.644934402,3065.218041
21,0.3,6,"[2, 3, 5, 1, 4, 0]",6,1,0.166666667,10,60,8,8,2,5,6,0.75,111,33,89,3600,500,"{(0, 0): 1, (0, 1): 1, (0, 2): 1, (0, 3): 1, (0, 4): 1, (1, 0): 1, (1, 1): 1, (1, 2): 1, (1, 3): 1, (1, 4): 1, (2, 0): 1, (2, 1): 1, (2, 2): 1, (2, 3): 1, (2, 4): 1, (3, 0): 1, (3, 1): 1, (3, 2): 1, (3, 3): 1, (3, 4): 1, (4, 0): 1, (4, 1): 1, (4, 2): 1, (4, 3): 1, (4, 4): 1, (5, 0): 1, (5, 1): 1, (5, 2): 1, (5, 3): 1, (5, 4): 1}","{0: 49, 1: 78, 2: 99, 3: 109, 4: 52, 5: 44, 6: 104, 7: 39}","{0: 1, 1: 1, 2: 1, 3: 1, 4: 1}",0,125,4.337444536,992.1904377,1117.190438,4.17E-12,1830,125,0.931693989,26.41252732,1.639588833,1.180652968,577.5180609,0,,56,7.172584211,1640.728638,1696.728638,1830,56,0.969398907,1.981261969,1.171049285,1503.051688,,263,12.43178262,2843.770274,3106.770274,1830,263,0.856284153,1.335476875,1.681118497,3268.975851
22,0.3,6,"[1, 2, 0, 4, 7, 5]",6,1,0.166666667,10,60,8,8,2,5,6,0.75,111,33,89,3600,500,"{(0, 0): 1, (0, 1): 1, (0, 2): 1, (0, 3): 1, (0, 4): 1, (1, 0): 1, (1, 1): 1, (1, 2): 1, (1, 3): 1, (1, 4): 1, (2, 0): 1, (2, 1): 1, (2, 2): 1, (2, 3): 1, (2, 4): 1, (3, 0): 1, (3, 1): 1, (3, 2): 1, (3, 3): 1, (3, 4): 1, (4, 0): 1, (4, 1): 1, (4, 2): 1, (4, 3): 1, (4, 4): 1, (5, 0): 1, (5, 1): 1, (5, 2): 1, (5, 3): 1, (5, 4): 1}","{0: 85, 1: 101, 2: 51, 3: 108, 4: 74, 5: 103, 6: 58, 7: 55}","{0: 1, 1: 1, 2: 1, 3: 1, 4: 1}",0,120,4.163352699,952.3669299,1072.36693,-7.29E-11,1830,120,0.93442623,24.86776972,1.624833822,1.175312301,513.9690626,0,,91,6.12123689,1400.232939,1491.232939,1830,91,0.950273224,2.055556774,1.192345,1211.452545,,284,11.64596872,2664.015345,2948.015345,1830,284,0.844808743,1.285573006,1.683937368,2953.095337
23,0.3,6,"[6, 0, 5, 2, 1, 4]",6,1,0.166666667,10,60,8,8,2,5,6,0.75,111,33,89,3600,500,"{(0, 0): 1, (0, 1): 1, (0, 2): 1, (0, 3): 1, (0, 4): 1, (1, 0): 1, (1, 1): 1, (1, 2): 1, (1, 3): 1, (1, 4): 1, (2, 0): 1, (2, 1): 1, (2, 2): 1, (2, 3): 1, (2, 4): 1, (3, 0): 1, (3, 1): 1, (3, 2): 1, (3, 3): 1, (3, 4): 1, (4, 0): 1, (4, 1): 1, (4, 2): 1, (4, 3): 1, (4, 4): 1, (5, 0): 1, (5, 1): 1, (5, 2): 1, (5, 3): 1, (5, 4): 1}","{0: 51, 1: 65, 2: 92, 3: 64, 4: 74, 5: 58, 6: 51, 7: 70}","{0: 1, 1: 1, 2: 1, 3: 1, 4: 1}",0,75,5.276459519,1206.990115,1281.990115,-6.23E-11,1830,75,0.959016393,24.75123215,1.596992731,1.162829037,779.2178039,0,,95,6.676570851,1527.265582,1622.265582,1830,95,0.948087432,2.000744581,1.169861522,1406.444689,,254,12.14475227,2778.112081,3032.112081,1830,254,0.861202186,1.300596476,1.669311786,3257.424032
24,0.3,6,"[4, 7, 2, 0, 5, 6]",6,1,0.166666667,10,60,8,8,2,5,6,0.75,111,33,89,3600,500,"{(0, 0): 1, (0, 1): 1, (0, 2): 1, (0, 3): 1, (0, 4): 1, (1, 0): 1, (1, 1): 1, (1, 2): 1, (1, 3): 1, (1, 4): 1, (2, 0): 1, (2, 1): 1, (2, 2): 1, (2, 3): 1, (2, 4): 1, (3, 0): 1, (3, 1): 1, (3, 2): 1, (3, 3): 1, (3, 4): 1, (4, 0): 1, (4, 1): 1, (4, 2): 1, (4, 3): 1, (4, 4): 1, (5, 0): 1, (5, 1): 1, (5, 2): 1, (5, 3): 1, (5, 4): 1}","{0: 86, 1: 93, 2: 74, 3: 88, 4: 87, 5: 95, 6: 75, 7: 49}","{0: 1, 1: 1, 2: 1, 3: 1, 4: 1}",0,100,4.51508926,1032.826668,1132.826668,-5.55E-11,1830,100,0.945355191,24.7993834,1.643962622,1.176770563,586.7161496,0,,75,7.530889251,1722.690916,1797.690916,1830,75,0.959016393,2.007872343,1.15909432,1414.716821,,234,11.55046369,2642.168569,2876.168569,1830,234,0.872131148,1.303980589,1.692639194,2973.075298
25,0.3,6,"[1, 6, 2, 3, 7, 4]",6,1,0.166666667,10,60,8,8,2,5,6,0.75,111,33,89,3600,500,"{(0, 0): 1, (0, 1): 1, (0, 2): 1, (0, 3): 1, (0, 4): 1, (1, 0): 1, (1, 1): 1, (1, 2): 1, (1, 3): 1, (1, 4): 1, (2, 0): 1, (2, 1): 1, (2, 2): 1, (2, 3): 1, (2, 4): 1, (3, 0): 1, (3, 1): 1, (3, 2): 1, (3, 3): 1, (3, 4): 1, (4, 0): 1, (4, 1): 1, (4, 2): 1, (4, 3): 1, (4, 4): 1, (5, 0): 1, (5, 1): 1, (5, 2): 1, (5, 3): 1, (5, 4): 1}","{0: 73, 1: 59, 2: 81, 3: 90, 4: 102, 5: 107, 6: 49, 7: 92}","{0: 1, 1: 1, 2: 1, 3: 1, 4: 1}",0,120,4.04946137,926.3142885,1046.314288,-1.01E-10,1830,120,0.93442623,27.05225301,1.66391778,1.173983288,414.3785635,0,,81,6.280698122,1436.709695,1517.709695,1830,81,0.955737705,2.045233011,1.172704842,1092.645455,,261,12.54154492,2868.8784,3129.8784,1830,261,0.857377049,1.292028189,1.739350085,3192.525999
26,0.3,6,"[3, 4, 5, 6, 1, 7]",6,1,0.166666667,10,60,8,8,2,5,6,0.75,111,33,89,3600,500,"{(0, 0): 1, (0, 1): 1, (0, 2): 1, (0, 3): 1, (0, 4): 1, (1, 0): 1, (1, 1): 1, (1, 2): 1, (1, 3): 1, (1, 4): 1, (2, 0): 1, (2, 1): 1, (2, 2): 1, (2, 3): 1, (2, 4): 1, (3, 0): 1, (3, 1): 1, (3, 2): 1, (3, 3): 1, (3, 4): 1, (4, 0): 1, (4, 1): 1, (4, 2): 1, (4, 3): 1, (4, 4): 1, (5, 0): 1, (5, 1): 1, (5, 2): 1, (5, 3): 1, (5, 4): 1}","{0: 46, 1: 85, 2: 57, 3: 78, 4: 47, 5: 97, 6: 84, 7: 60}","{0: 1, 1: 1, 2: 1, 3: 1, 4: 1}",0,120,4.375347799,1000.860809,1120.860809,-1.82E-10,1830,120,0.93442623,24.90014887,1.641186237,1.18443012,480.8389974,0,,107,7.362658446,1684.20812,1791.20812,1830,107,0.941530055,1.994549751,1.174766522,1409.397622,,247,13.05354764,2985.999023,3232.999023,1830,247,0.865027322,1.29013896,1.644251971,3102.210608
27,0.3,6,"[7, 0, 3, 1, 2, 4]",6,1,0.166666667,10,60,8,8,2,5,6,0.75,111,33,89,3600,500,"{(0, 0): 1, (0, 1): 1, (0, 2): 1, (0, 3): 1, (0, 4): 1, (1, 0): 1, (1, 1): 1, (1, 2): 1, (1, 3): 1, (1, 4): 1, (2, 0): 1, (2, 1): 1, (2, 2): 1, (2, 3): 1, (2, 4): 1, (3, 0): 1, (3, 1): 1, (3, 2): 1, (3, 3): 1, (3, 4): 1, (4, 0): 1, (4, 1): 1, (4, 2): 1, (4, 3): 1, (4, 4): 1, (5, 0): 1, (5, 1): 1, (5, 2): 1, (5, 3): 1, (5, 4): 1}","{0: 61, 1: 52, 2: 99, 3: 109, 4: 104, 5: 68, 6: 104, 7: 71}","{0: 1, 1: 1, 2: 1, 3: 1, 4: 1}",0,90,4.378703826,1001.6285,1091.6285,-6.09E-11,1830,90,0.950819672,24.82812858,1.682764053,1.171043515,829.4764079,0,,81,6.110219923,1397.712807,1478.712807,1830,81,0.935737705,2.055843115,1.167396007,1306.746313,,267,12.87981424,2946.257506,3213.257506,1830,267,0.854098361,1.333053827,1.70694738,3262.730501
28,0.3,6,"[0, 1, 4, 2, 3, 7]",6,1,0.166666667,10,60,8,8,2,5,6,0.75,111,33,89,3600,500,"{(0, 0): 1, (0, 1): 1, (0, 2): 1, (0, 3): 1, (0, 4): 1, (1, 0): 1, (1, 1): 1, (1, 2): 1, (1, 3): 1, (1, 4): 1, (2, 0): 1, (2, 1): 1, (2, 2): 1, (2, 3): 1, (2, 4): 1, (3, 0): 1, (3, 1): 1, (3, 2): 1, (3, 3): 1, (3, 4): 1, (4, 0): 1, (4, 1): 1, (4, 2): 1, (4, 3): 1, (4, 4): 1, (5, 0): 1, (5, 1): 1, (5, 2): 1, (5, 3): 1, (5, 4): 1}","{0: 103, 1: 58, 2: 40, 3: 102, 4: 53, 5: 54, 6: 105, 7: 90}","{0: 1, 1: 1, 2: 1, 3: 1, 4: 1}",0,90,4.79534474,1096.935109,1186.935109,-1.12E-11,1830,90,0.950819672,24.63517833,1.630064249,1.171635918,843.411747,0,,84,7.226078844,1652.965536,1736.965536,1830,84,0.934098361,2.039469004,1.171762049,1627.899738,,249,12.1685995,2783.567136,3032.567136,1830,249,0.863934426,1.305323601,1.699048072,3054.464295
29,0.3,6,"[1, 5, 2, 3, 0, 6]",6,1,0.166666667,10,60,8,8,2,5,6,0.75,111,33,89,3600,500,"{(0, 0): 1, (0, 1): 1, (0, 2): 1, (0, 3): 1, (0, 4): 1, (1, 0): 1, (1, 1): 1, (1, 2): 1, (1, 3): 1, (1, 4): 1, (2, 0): 1, (2, 1): 1, (2, 2): 1, (2, 3): 1, (2, 4): 1, (3, 0): 1, (3, 1): 1, (3, 2): 1, (3, 3): 1, (3, 4): 1, (4, 0): 1, (4, 1): 1, (4, 2): 1, (4, 3): 1, (4, 4): 1, (5, 0): 1, (5, 1): 1, (5, 2): 1, (5, 3): 1, (5, 4): 1}","{0: 98, 1: 63, 2: 87, 3: 48, 4: 64, 5: 105, 6: 40, 7: 65}","{0: 1, 1: 1, 2: 1, 3: 1, 4: 1}",0,101,5.186062218,1186.311732,1287.311732,-6.37E-11,1830,101,0.944808743,24.70236731,1.649251699,1.177479331,874.4370425,0,,61,6.286528979,1438.043504,1499.043504,1830,61,0.966666667,1.92515254,1.174830842,1168.700388,,243,13.20111818,3019.755784,3262.755784,1830,243,0.867213115,1.303278685,1.671810113,3125.174891
30,0.3,6,"[7, 5, 6, 2, 4, 0]",6,1,0.166666667,10,60,8,8,2,5,6,0.75,111,33,89,3600,500,"{(0, 0): 1, (0, 1): 1, (0, 2): 1, (0, 3): 1, (0, 4): 1, (1, 0): 1, (1, 1): 1, (1, 2): 1, (1, 3): 1, (1, 4): 1, (2, 0): 1, (2, 1): 1, (2, 2): 1, (2, 3): 1, (2, 4): 1, (3, 0): 1, (3, 1): 1, (3, 2): 1, (3, 3): 1, (3, 4): 1, (4, 0): 1, (4, 1): 1, (4, 2): 1, (4, 3): 1, (4, 4): 1, (5, 0): 1, (5, 1): 1, (5, 2): 1, (5, 3): 1, (5, 4): 1}","{0: 38, 1: 79, 2: 93, 3: 83, 4: 100, 5: 100, 6: 49, 7: 75}","{0: 1, 1: 1, 2: 1, 3: 1, 4: 1}",0,120,4.248127098,971.7590737,1091.759074,-8.45E-11,1830,120,0.93442623,26.51071835,1.617026567,1.178233208,557.3159772,0,,61,7.279005389,1665.072483,1726.072483,1830,61,0.936666667,1.943030834,1.166302508,1402.073634,,269,12.03665923,2753.385799,3022.385799,1830,269,0.853005464,1.295246601,1.759711545,3137.218164
31,0.3,6,"[1, 4, 0, 2, 7, 5]",6,1,0.166666667,10,60,8,8,2,5,6,0.75,111,33,89,3600,500,"{(0, 0): 1, (0, 1): 1, (0, 2): 1, (0, 3): 1, (0, 4): 1, (1, 0): 1, (1, 1): 1, (1, 2): 1, (1, 3): 1, (1, 4): 1, (2, 0): 1, (2, 1): 1, (2, 2): 1, (2, 3): 1, (2, 4): 1, (3, 0): 1, (3, 1): 1, (3, 2): 1, (3, 3): 1, (3, 4): 1, (4, 0): 1, (4, 1): 1, (4, 2): 1, (4, 3): 1, (4, 4): 1, (5, 0): 1, (5, 1): 1, (5, 2): 1, (5, 3): 1, (5, 4): 1}","{0: 72, 1: 38, 2: 94, 3: 107, 4: 87, 5: 74, 6: 59, 7: 59}","{0: 1, 1: 1, 2: 1, 3: 1, 4: 1}",0,120,4.534931367,1037.36555,1157.36555,-4.72E-11,1830,120,0.93442623,24.83616376,1.614000559,1.16572696,600.4054659,0,,55,6.104678155,1396.445128,1451.445128,1830,55,0.939945355,2.010393858,1.1798,1079.201708,,240,11.83595051,2707.473679,2947.473679,1830,240,0.868852459,1.304254055,1.711590046,2940.214701
32,0.3,6,"[3, 2, 4, 1, 5, 6]",6,1,0.166666667,10,60,8,8,2,5,6,0.75,111,33,89,3600,500,"{(0, 0): 1, (0, 1): 1, (0, 2): 1, (0, 3): 1, (0, 4): 1, (1, 0): 1, (1, 1): 1, (1, 2): 1, (1, 3): 1, (1, 4): 1, (2, 0): 1, (2, 1): 1, (2, 2): 1, (2, 3): 1, (2, 4): 1, (3, 0): 1, (3, 1): 1, (3, 2): 1, (3, 3): 1, (3, 4): 1, (4, 0): 1, (4, 1): 1, (4, 2): 1, (4, 3): 1, (4, 4): 1, (5, 0): 1, (5, 1): 1, (5, 2): 1, (5, 3): 1, (5, 4): 1}","{0: 41, 1: 41, 2: 52, 3: 69, 4: 55, 5: 97, 6: 62, 7: 99}","{0: 1, 1: 1, 2: 1, 3: 1, 4: 1}",0,125,4.639420008,1061.267327,1186.267327,-1.50E-10,1830,125,0.931693989,24.72808242,1.609136581,1.18025585,493.6155848,0,,84,7.627269848,1744.737978,1828.737978,1830,84,0.954098361,1.904382467,1.181861803,1468.596544,,227,12.9842156,2970.139319,3197.139319,1830,227,0.875956284,1.349968672,1.669559034,3070.300106
33,0.3,6,"[0, 3, 2, 7, 6, 4]",6,1,0.166666667,10,60,8,8,2,5,6,0.75,111,33,89,3600,500,"{(0, 0): 1, (0, 1): 1, (0, 2): 1, (0, 3): 1, (0, 4): 1, (1, 0): 1, (1, 1): 1, (1, 2): 1, (1, 3): 1, (1, 4): 1, (2, 0): 1, (2, 1): 1, (2, 2): 1, (2, 3): 1, (2, 4): 1, (3, 0): 1, (3, 1): 1, (3, 2): 1, (3, 3): 1, (3, 4): 1, (4, 0): 1, (4, 1): 1, (4, 2): 1, (4, 3): 1, (4, 4): 1, (5, 0): 1, (5, 1): 1, (5, 2): 1, (5, 3): 1, (5, 4): 1}","{0: 47, 1: 63, 2: 75, 3: 95, 4: 59, 5: 48, 6: 52, 7: 62}","{0: 1, 1: 1, 2: 1, 3: 1, 4: 1}",0,120,4.662681787,1066.588459,1186.588459,-5.16E-11,1830,120,0.93442623,24.85627556,1.597225428,1.175262927,596.8886643,0,,61,6.595620023,1508.74808,1569.74808,1830,61,0.966666667,1.959391356,1.165075671,1666.790824,,242,12.74762186,2916.018501,3158.018501,1830,242,0.867759563,1.30741477,1.614546689,3150.768904
34,0.3,6,"[5, 1, 2, 3, 0, 6]",6,1,0.166666667,10,60,8,8,2,5,6,0.75,111,33,89,3600,500,"{(0, 0): 1, (0, 1): 1, (0, 2): 1, (0, 3): 1, (0, 4): 1, (1, 0): 1, (1, 1): 1, (1, 2): 1, (1, 3): 1, (1, 4): 1, (2, 0): 1, (2, 1): 1, (2, 2): 1, (2, 3): 1, (2, 4): 1, (3, 0): 1, (3, 1): 1, (3, 2): 1, (3, 3): 1, (3, 4): 1, (4, 0): 1, (4, 1): 1, (4, 2): 1, (4, 3): 1, (4, 4): 1, (5, 0): 1, (5, 1): 1, (5, 2): 1, (5, 3): 1, (5, 4): 1}","{0: 98, 1: 40, 2: 62, 3: 75, 4: 57, 5: 41, 6: 100, 7: 106}","{0: 1, 1: 1, 2: 1, 3: 1, 4: 1}",0,120,4.245749661,971.2152349,1091.215235,-9.84E-11,1830,120,0.93442623,26.48758507,1.629579067,1.183727056,500.4706431,0,,86,6.797897128,1555.018968,1641.018968,1830,86,0.953005464,1.964411736,1.173563255,1269.650094,,258,12.7444692,2915.297329,3173.297329,1830,258,0.859016393,1.279700994,1.745880978,2999.543262
35,0.3,6,"[3, 7, 5, 0, 2, 1]",6,1,0.166666667,10,60,8,8,2,5,6,0.75,111,33,89,3600,500,"{(0, 0): 1, (0, 1): 1, (0, 2): 1, (0, 3): 1, (0, 4): 1, (1, 0): 1, (1, 1): 1, (1, 2): 1, (1, 3): 1, (1, 4): 1, (2, 0): 1, (2, 1): 1, (2, 2): 1, (2, 3): 1, (2, 4): 1, (3, 0): 1, (3, 1): 1, (3, 2): 1, (3, 3): 1, (3, 4): 1, (4, 0): 1, (4, 1): 1, (4, 2): 1, (4, 3): 1, (4, 4): 1, (5, 0): 1, (5, 1): 1, (5, 2): 1, (5, 3): 1, (5, 4): 1}","{0: 80, 1: 49, 2: 64, 3: 80, 4: 89, 5: 99, 6: 94, 7: 45}","{0: 1, 1: 1, 2: 1, 3: 1, 4: 1}",0,90,4.42971468,1013.297233,1103.297233,-5.23E-11,1830,90,0.950819672,24.7445693,1.59834671,1.158763224,658.8195408,0,,102,6.486210562,1483.720666,1585.720666,1830,102,0.944262295,1.892538309,1.189876,1226.118683,,225,12.07821847,2762.892476,2987.892476,1830,225,0.87704918,1.307749271,1.688250396,3046.877168
36,0.3,6,"[4, 3, 6, 2, 7, 1]",6,1,0.166666667,10,60,8,8,2,5,6,0.75,111,33,89,3600,500,"{(0, 0): 1, (0, 1): 1, (0, 2): 1, (0, 3): 1, (0, 4): 1, (1, 0): 1, (1, 1): 1, (1, 2): 1, (1, 3): 1, (1, 4): 1, (2, 0): 1, (2, 1): 1, (2, 2): 1, (2, 3): 1, (2, 4): 1, (3, 0): 1, (3, 1): 1, (3, 2): 1, (3, 3): 1, (3, 4): 1, (4, 0): 1, (4, 1): 1, (4, 2): 1, (4, 3): 1, (4, 4): 1, (5, 0): 1, (5, 1): 1, (5, 2): 1, (5, 3): 1, (5, 4): 1}","{0: 65, 1: 63, 2: 56, 3: 79, 4: 98, 5: 70, 6: 56, 7: 92}","{0: 1, 1: 1, 2: 1, 3: 1, 4: 1}",0,120,4.48318319,1025.528155,1145.528155,-1.77E-10,1830,120,0.95442623,24.59366822,1.615471125,1.159236801,472.7238537,0,,42,6.290589403,1438.972326,1480.972326,1830,42,0.93704918,1.900283575,1.182398,1582.538006,,178,12.66120128,2896.249793,3074.249793,1830,178,0.90273224,1.301807642,1.61424253,2682.862451
37,0.3,6,"[7, 4, 2, 0, 5, 6]",6,1,0.166666667,10,60,8,8,2,5,6,0.75,111,33,89,3600,500,"{(0, 0): 1, (0, 1): 1, (0, 2): 1, (0, 3): 1, (0, 4): 1, (1, 0): 1, (1, 1): 1, (1, 2): 1, (1, 3): 1, (1, 4): 1, (2, 0): 1, (2, 1): 1, (2, 2): 1, (2, 3): 1, (2, 4): 1, (3, 0): 1, (3, 1): 1, (3, 2): 1, (3, 3): 1, (3, 4): 1, (4, 0): 1, (4, 1): 1, (4, 2): 1, (4, 3): 1, (4, 4): 1, (5, 0): 1, (5, 1): 1, (5, 2): 1, (5, 3): 1, (5, 4): 1}","{0: 110, 1: 69, 2: 78, 3: 39, 4: 68, 5: 67, 6: 92, 7: 62}","{0: 1, 1: 1, 2: 1, 3: 1, 4: 1}",0,125,4.565865197,1044.441664,1169.441664,3.00E-12,1830,125,0.931693989,89.32226825,1.64099288,1.154351279,586.8766645,0,,113,6.047304402,1383.320882,1496.320882,1830,113,0.938251366,1.994703293,1.182729063,1228.762002,,258,12.38849874,2833.869086,3091.869086,1830,258,0.859016393,1.286031008,1.726232842,3136.434918
38,0.3,6,"[7, 4, 2, 5, 6, 3]",6,1,0.166666667,10,60,8,8,2,5,6,0.75,111,33,89,3600,500,"{(0, 0): 1, (0, 1): 1, (0, 2): 1, (0, 3): 1, (0, 4): 1, (1, 0): 1, (1, 1): 1, (1, 2): 1, (1, 3): 1, (1, 4): 1, (2, 0): 1, (2, 1): 1, (2, 2): 1, (2, 3): 1, (2, 4): 1, (3, 0): 1, (3, 1): 1, (3, 2): 1, (3, 3): 1, (3, 4): 1, (4, 0): 1, (4, 1): 1, (4, 2): 1, (4, 3): 1, (4, 4): 1, (5, 0): 1, (5, 1): 1, (5, 2): 1, (5, 3): 1, (5, 4): 1}","{0: 47, 1: 92, 2: 51, 3: 68, 4: 82, 5: 101, 6: 78, 7: 39}","{0: 1, 1: 1, 2: 1, 3: 1, 4: 1}",0,120,4.378296164,1001.535248,1121.535248,-6.77E-11,1830,120,0.93442623,24.87879157,1.631127596,1.169860647,542.2289214,0,,50,7.018639472,1605.513779,1655.513779,1830,50,0.972677596,1.892630577,1.16068553,1525.102285,,262,13.0182732,2977.929995,3239.929995,1830,262,0.856830601,1.333803415,1.69637479,3083.662612
39,0.3,6,"[0, 1, 7, 4, 3, 5]",6,1,0.166666667,10,60,8,8,2,5,6,0.75,111,33,89,3600,500,"{(0, 0): 1, (0, 1): 1, (0, 2): 1, (0, 3): 1, (0, 4): 1, (1, 0): 1, (1, 1): 1, (1, 2): 1, (1, 3): 1, (1, 4): 1, (2, 0): 1, (2, 1): 1, (2, 2): 1, (2, 3): 1, (2, 4): 1, (3, 0): 1, (3, 1): 1, (3, 2): 1, (3, 3): 1, (3, 4): 1, (4, 0): 1, (4, 1): 1, (4, 2): 1, (4, 3): 1, (4, 4): 1, (5, 0): 1, (5, 1): 1, (5, 2): 1, (5, 3): 1, (5, 4): 1}","{0: 43, 1: 62, 2: 108, 3: 71, 4: 68, 5: 98, 6: 69, 7: 85}","{0: 1, 1: 1, 2: 1, 3: 1, 4: 1}",0,120,3.964842491,906.9577198,1026.95772,-1.24E-10,1830,120,0.93442623,26.4485805,1.611750841,1.174547294,457.1868159,0,,71,6.163860438,1409.983075,1480.983075,1830,71,0.931202186,1.909316301,1.171974332,957.1521995,,247,12.69534194,2904.059468,3151.059468,1830,247,0.865027322,1.286419392,1.725212082,3221.497259
40,0.3,6,"[4, 0, 5, 1, 7, 2]",6,1,0.166666667,10,60,8,8,2,5,6,0.75,111,33,89,3600,500,"{(0, 0): 1, (0, 1): 1, (0, 2): 1, (0, 3): 1, (0, 4): 1, (1, 0): 1, (1, 1): 1, (1, 2): 1, (1, 3): 1, (1, 4): 1, (2, 0): 1, (2, 1): 1, (2, 2): 1, (2, 3): 1, (2, 4): 1, (3, 0): 1, (3, 1): 1, (3, 2): 1, (3, 3): 1, (3, 4): 1, (4, 0): 1, (4, 1): 1, (4, 2): 1, (4, 3): 1, (4, 4): 1, (5, 0): 1, (5, 1): 1, (5, 2): 1, (5, 3): 1, (5, 4): 1}","{0: 56, 1: 102, 2: 90, 3: 67, 4: 89, 5: 103, 6: 98, 7: 62}","{0: 1, 1: 1, 2: 1, 3: 1, 4: 1}",0,120,4.00607961,916.3907107,1036.390711,-9.66E-11,1830,120,0.95442623,24.89398718,1.614494801,1.173508922,559.0869287,0,,62,6.445279103,1474.357595,1536.357595,1830,62,0.966120219,1.930641174,1.166961958,1350.599035,,283,11.36702314,2600.206544,2883.206544,1830,283,0.845355191,1.309654236,1.71237492,3090.878548
41,0.3,6,"[7, 0, 1, 3, 5, 6]",6,1,0.166666667,10,60,8,8,2,5,6,0.75,111,33,89,3600,500,"{(0, 0): 1, (0, 1): 1, (0, 2): 1, (0, 3): 1, (0, 4): 1, (1, 0): 1, (1, 1): 1, (1, 2): 1, (1, 3): 1, (1, 4): 1, (2, 0): 1, (2, 1): 1, (2, 2): 1, (2, 3): 1, (2, 4): 1, (3, 0): 1, (3, 1): 1, (3, 2): 1, (3, 3): 1, (3, 4): 1, (4, 0): 1, (4, 1): 1, (4, 2): 1, (4, 3): 1, (4, 4): 1, (5, 0): 1, (5, 1): 1, (5, 2): 1, (5, 3): 1, (5, 4): 1}","{0: 101, 1: 58, 2: 100, 3: 61, 4: 99, 5: 48, 6: 42, 7: 72}","{0: 1, 1: 1, 2: 1, 3: 1, 4: 1}",0,120,4.502058375,1029.845853,1149.845853,-5.00E-11,1830,120,0.93442623,24.36256456,1.584546328,1.181143627,554.5994227,0,,78,6.884156379,1574.750772,1652.750772,1830,78,0.957377049,1.883038044,1.16790554,1369.112694,,291,13.35317556,3054.53891,3345.53891,1830,291,0.840983607,1.337050438,1.693741593,3046.812993
42,0.3,6,"[1, 2, 5, 0, 7, 6]",6,1,0.166666667,10,60,8,8,2,5,6,0.75,111,33,89,3600,500,"{(0, 0): 1, (0, 1): 1, (0, 2): 1, (0, 3): 1, (0, 4): 1, (1, 0): 1, (1, 1): 1, (1, 2): 1, (1, 3): 1, (1, 4): 1, (2, 0): 1, (2, 1): 1, (2, 2): 1, (2, 3): 1, (2, 4): 1, (3, 0): 1, (3, 1): 1, (3, 2): 1, (3, 3): 1, (3, 4): 1, (4, 0): 1, (4, 1): 1, (4, 2): 1, (4, 3): 1, (4, 4): 1, (5, 0): 1, (5, 1): 1, (5, 2): 1, (5, 3): 1, (5, 4): 1}","{0: 78, 1: 66, 2: 90, 3: 39, 4: 107, 5: 39, 6: 43, 7: 100}","{0: 1, 1: 1, 2: 1, 3: 1, 4: 1}",0,95,4.369277225,999.4721653,1094.472165,-1.09E-10,1830,95,0.948087432,24.02923036,1.612881184,1.158950139,521.8484129,0,,78,7.455699932,1705.491359,1783.491359,1830,78,0.937377049,1.93232131,1.170058175,1521.601162,,248,12.45538702,2849.169782,3097.169782,1830,248,0.864480874,1.303373575,1.689337035,3247.519971
43,0.3,6,"[4, 2, 6, 7, 3, 0]",6,1,0.166666667,10,60,8,8,2,5,6,0.75,111,33,89,3600,500,"{(0, 0): 1, (0, 1): 1, (0, 2): 1, (0, 3): 1, (0, 4): 1, (1, 0): 1, (1, 1): 1, (1, 2): 1, (1, 3): 1, (1, 4): 1, (2, 0): 1, (2, 1): 1, (2, 2): 1, (2, 3): 1, (2, 4): 1, (3, 0): 1, (3, 1): 1, (3, 2): 1, (3, 3): 1, (3, 4): 1, (4, 0): 1, (4, 1): 1, (4, 2): 1, (4, 3): 1, (4, 4): 1, (5, 0): 1, (5, 1): 1, (5, 2): 1, (5, 3): 1, (5, 4): 1}","{0: 64, 1: 86, 2: 48, 3: 99, 4: 43, 5: 102, 6: 38, 7: 70}","{0: 1, 1: 1, 2: 1, 3: 1, 4: 1}",0,120,4.319321577,988.0448108,1108.044811,-2.48E-11,1830,120,0.93442623,23.67879987,1.577164412,1.180406784,475.2920796,0,,75,6.289337631,1438.685983,1513.685983,1830,75,0.959016393,1.884758234,1.177487514,1090.610222,,211,13.2930066,3040.77526,3251.77526,1830,211,0.884699454,1.307466984,1.641794421,3289.788555
44,0.3,6,"[5, 7, 0, 4, 6, 2]",6,1,0.166666667,10,60,8,8,2,5,6,0.75,111,33,89,3600,500,"{(0, 0): 1, (0, 1): 1, (0, 2): 1, (0, 3): 1, (0, 4): 1, (1, 0): 1, (1, 1): 1, (1, 2): 1, (1, 3): 1, (1, 4): 1, (2, 0): 1, (2, 1): 1, (2, 2): 1, (2, 3): 1, (2, 4): 1, (3, 0): 1, (3, 1): 1, (3, 2): 1, (3, 3): 1, (3, 4): 1, (4, 0): 1, (4, 1): 1, (4, 2): 1, (4, 3): 1, (4, 4): 1, (5, 0): 1, (5, 1): 1, (5, 2): 1, (5, 3): 1, (5, 4): 1}","{0: 54, 1: 54, 2: 73, 3: 50, 4: 94, 5: 51, 6: 86, 7: 75}","{0: 1, 1: 1, 2: 1, 3: 1, 4: 1}",0,96,5.166233368,1181.775883,1277.775883,2.39E-11,1830,96,0.947540984,100.8890593,1.575565815,1.172620201,684.0882922,0,,97,6.869713953,1571.447067,1668.447067,1830,97,0.946994536,1.852895021,1.193786972,1295.165116,,296,12.02293113,2750.245497,3046.245497,1830,296,0.838251366,1.334576368,1.741610372,3094.811757
45,0.3,6,"[5, 7, 4, 0, 3, 6]",6,1,0.166666667,10,60,8,8,2,5,6,0.75,111,33,89,3600,500,"{(0, 0): 1, (0, 1): 1, (0, 2): 1, (0, 3): 1, (0, 4): 1, (1, 0): 1, (1, 1): 1, (1, 2): 1, (1, 3): 1, (1, 4): 1, (2, 0): 1, (2, 1): 1, (2, 2): 1, (2, 3): 1, (2, 4): 1, (3, 0): 1, (3, 1): 1, (3, 2): 1, (3, 3): 1, (3, 4): 1, (4, 0): 1, (4, 1): 1, (4, 2): 1, (4, 3): 1, (4, 4): 1, (5, 0): 1, (5, 1): 1, (5, 2): 1, (5, 3): 1, (5, 4): 1}","{0: 44, 1: 85, 2: 88, 3: 48, 4: 110, 5: 57, 6: 44, 7: 45}","{0: 1, 1: 1, 2: 1, 3: 1, 4: 1}",0,92,5.865948147,1341.835639,1433.835639,-1.00E-10,1830,92,0.949726776,23.72490072,1.577039957,1.168415316,1118.49467,0,,57,7.780304161,1779.744577,1836.744577,1830,57,0.968852459,1.860443592,1.161842677,1937.157306,,260,12.16686363,2783.170056,3043.170056,1830,260,0.857923497,1.288237095,1.708831318,3034.088468
46,0.3,6,"[7, 0, 5, 6, 3, 4]",6,1,0.166666667,10,60,8,8,2,5,6,0.75,111,33,89,3600,500,"{(0, 0): 1, (0, 1): 1, (0, 2): 1, (0, 3): 1, (0, 4): 1, (1, 0): 1, (1, 1): 1, (1, 2): 1, (1, 3): 1, (1, 4): 1, (2, 0): 1, (2, 1): 1, (2, 2): 1, (2, 3): 1, (2, 4): 1, (3, 0): 1, (3, 1): 1, (3, 2): 1, (3, 3): 1, (3, 4): 1, (4, 0): 1, (4, 1): 1, (4, 2): 1, (4, 3): 1, (4, 4): 1, (5, 0): 1, (5, 1): 1, (5, 2): 1, (5, 3): 1, (5, 4): 1}","{0: 60, 1: 108, 2: 71, 3: 102, 4: 59, 5: 72, 6: 53, 7: 48}","{0: 1, 1: 1, 2: 1, 3: 1, 4: 1}",0,90,4.806012723,1099.37541,1189.37541,-3.13E-11,1830,90,0.950819672,23.7292254,1.58786869,1.180655127,695.9715941,0,,67,6.816494454,1559.273106,1626.273106,1830,67,0.963387978,1.93666482,1.171218761,1266.636784,,242,13.0259874,2979.694617,3221.694617,1830,242,0.867759563,1.30177021,1.701558488,3036.733424
47,0.3,6,"[7, 6, 1, 2, 5, 3]",6,1,0.166666667,10,60,8,8,2,5,6,0.75,111,33,89,3600,500,"{(0, 0): 1, (0, 1): 1, (0, 2): 1, (0, 3): 1, (0, 4): 1, (1, 0): 1, (1, 1): 1, (1, 2): 1, (1, 3): 1, (1, 4): 1, (2, 0): 1, (2, 1): 1, (2, 2): 1, (2, 3): 1, (2, 4): 1, (3, 0): 1, (3, 1): 1, (3, 2): 1, (3, 3): 1, (3, 4): 1, (4, 0): 1, (4, 1): 1, (4, 2): 1, (4, 3): 1, (4, 4): 1, (5, 0): 1, (5, 1): 1, (5, 2): 1, (5, 3): 1, (5, 4): 1}","{0: 100, 1: 103, 2: 49, 3: 54, 4: 43, 5: 51, 6: 82, 7: 55}","{0: 1, 1: 1, 2: 1, 3: 1, 4: 1}",0,125,4.612915344,1055.204385,1180.204385,-7.90E-11,1830,125,0.931693989,23.71654367,1.567299843,1.184351279,512.9937577,0,,93,7.124743947,1629.785178,1722.785178,1830,93,0.949180328,1.843176842,1.178587098,1389.321437,,242,12.18946921,2788.341083,3030.341083,1830,242,0.867759563,1.302029133,1.651021015,3268.408483
48,0.3,6,"[7, 2, 0, 4, 6, 1]",6,1,0.166666667,10,60,8,8,2,5,6,0.75,111,33,89,3600,500,"{(0, 0): 1, (0, 1): 1, (0, 2): 1, (0, 3): 1, (0, 4): 1, (1, 0): 1, (1, 1): 1, (1, 2): 1, (1, 3): 1, (1, 4): 1, (2, 0): 1, (2, 1): 1, (2, 2): 1, (2, 3): 1, (2, 4): 1, (3, 0): 1, (3, 1): 1, (3, 2): 1, (3, 3): 1, (3, 4): 1, (4, 0): 1, (4, 1): 1, (4, 2): 1, (4, 3): 1, (4, 4): 1, (5, 0): 1, (5, 1): 1, (5, 2): 1, (5, 3): 1, (5, 4): 1}","{0: 71, 1: 65, 2: 101, 3: 49, 4: 76, 5: 107, 6: 62, 7: 43}","{0: 1, 1: 1, 2: 1, 3: 1, 4: 1}",0,95,4.795307761,1096.92665,1191.92665,-8.89E-11,1830,95,0.948087432,25.45229864,1.567456007,1.172160244,749.5454692,0,,106,6.556966847,1499.906166,1605.906166,1830,106,0.942076503,1.899748802,1.174013427,1482.290423,,266,11.74162679,2685.897128,2951.897128,1830,266,0.854644809,1.277806044,1.687824762,3164.832224
49,0.3,6,"[7, 1, 5, 4, 0, 6]",6,1,0.166666667,10,60,8,8,2,5,6,0.75,111,33,89,3600,500,"{(0, 0): 1, (0, 1): 1, (0, 2): 1, (0, 3): 1, (0, 4): 1, (1, 0): 1, (1, 1): 1, (1, 2): 1, (1, 3): 1, (1, 4): 1, (2, 0): 1, (2, 1): 1, (2, 2): 1, (2, 3): 1, (2, 4): 1, (3, 0): 1, (3, 1): 1, (3, 2): 1, (3, 3): 1, (3, 4): 1, (4, 0): 1, (4, 1): 1, (4, 2): 1, (4, 3): 1, (4, 4): 1, (5, 0): 1, (5, 1): 1, (5, 2): 1, (5, 3): 1, (5, 4): 1}","{0: 99, 1: 81, 2: 106, 3: 107, 4: 73, 5: 72, 6: 102, 7: 49}","{0: 1, 1: 1, 2: 1, 3: 1, 4: 1}",0,125,5.611926453,1283.728176,1408.728176,-7.90E-12,1830,125,0.931693989,23.74359608,1.564088106,1.172474957,1147.536134,0,,103,6.944827209,1588.629224,1691.629224,1830,103,0.943715847,1.943355322,1.176831378,1424.439937,,202,12.33368069,2821.329457,3023.329457,1830,202,0.889617486,1.32133007,1.718989252,3016.855031
